[
  {
    "Id": "1129211",
    "ThreadId": "471206",
    "Html": "I have been looking for a sample of online quiz project using .Net 4.0 and SQL Server. I am very happy to see this online. But the issue is that I really need explanation on how to reuse the code to suite my need. I will love to know the particular web tools to be used and how I can upload it for reuse. \r<br />\n<br />\nI will be expecting a good response soonest\r<br />\n<br />\nThanks <br />\n",
    "PostedDate": "2013-11-26T08:05:30.047-08:00",
    "UserRole": null,
    "MarkedAsAnswerDate": null
  },
  {
    "Id": "1222133",
    "ThreadId": "471206",
    "Html": "the project dosent work for me there a problem in throw ex; <br />\n",
    "PostedDate": "2014-03-12T16:25:43.263-07:00",
    "UserRole": null,
    "MarkedAsAnswerDate": null
  },
  {
    "Id": "1230281",
    "ThreadId": "471206",
    "Html": "Hi Samer,,\r<br />\nsorry for the late reply. Did you manage to fix this?\r<br />\nPlease let me know.\r<br />\nThanks<br />\n",
    "PostedDate": "2014-04-04T03:37:58.8-07:00",
    "UserRole": null,
    "MarkedAsAnswerDate": null
  },
  {
    "Id": "1467691",
    "ThreadId": "471206",
    "Html": "Hi sampathN,\r<br />\ncannot find the quiz.sql file,\r<br />\nis it inclued in the attached files ?!<br />\n",
    "PostedDate": "2016-03-22T13:31:23.553-07:00",
    "UserRole": null,
    "MarkedAsAnswerDate": null
  },
  {
    "Id": "1473944",
    "ThreadId": "471206",
    "Html": "I know it's a little late, but I had the same problem. You have to click the link (source) in the instructions or select Source Code above and click on &quot;db&quot; to get the file. Hope this helps.<br />\n",
    "PostedDate": "2016-05-19T10:37:35.023-07:00",
    "UserRole": null,
    "MarkedAsAnswerDate": null
  },
  {
    "Id": "1494386",
    "ThreadId": "471206",
    "Html": "Hi everybody,\r<br />\n<br />\nAnyone solved the throw ex problem? Also facing this.\r<br />\nthx 4 helpin out<br />\n",
    "PostedDate": "2017-03-21T03:24:36.173-07:00",
    "UserRole": null,
    "MarkedAsAnswerDate": null
  },
  {
    "Id": "1494387",
    "ThreadId": "471206",
    "Html": "ANy progress?<br />\n",
    "PostedDate": "2017-03-21T03:25:04.893-07:00",
    "UserRole": null,
    "MarkedAsAnswerDate": null
  }
]