[
  {
    "Id": "0",
    "Name": "online quiz",
    "DevelopmentStatus": "Stable",
    "Description": "Initial release",
    "ReleasedDatge": "0001-01-01T00:00:00",
    "ModifiedDate": "2013-08-21T02:55:52.953-07:00",
    "Files": [
      {
        "Id": "4f341389-7791-4baf-acc6-a8e4ec0c8317",
        "FileName": "web_files.rar",
        "Url": "./0/4f341389-7791-4baf-acc6-a8e4ec0c8317",
        "Type": "Source Code",
        "UploadDate": "2013-08-21T02:55:52.563-07:00"
      }
    ]
  }
]