[
  {
    "Title": "Home",
    "Id": "911315",
    "ParentWikiTitle": "Home",
    "FileExtension": "html",
    "UpdatedDate": "2014-08-29T08:18:50.397-07:00",
    "FileAttachments": [
      {
        "Id": "5c28675c-833c-426a-a3c2-62353b6dd35d",
        "FileName": "create-new-quiz-page.JPG",
        "DownloadUri": "./911315/5c28675c-833c-426a-a3c2-62353b6dd35d"
      },
      {
        "Id": "9a702ea5-d7a8-4a75-b529-22edf98eb7b8",
        "FileName": "edit-quiz-page.JPG",
        "DownloadUri": "./911315/9a702ea5-d7a8-4a75-b529-22edf98eb7b8"
      },
      {
        "Id": "a06d12af-9713-427a-bdf2-e1c065f30fdb",
        "FileName": "quiz-add-new-question-page.JPG",
        "DownloadUri": "./911315/a06d12af-9713-427a-bdf2-e1c065f30fdb"
      },
      {
        "Id": "0830b5ca-e16e-49e7-91af-200f297de489",
        "FileName": "quiz-edit-question.JPG",
        "DownloadUri": "./911315/0830b5ca-e16e-49e7-91af-200f297de489"
      },
      {
        "Id": "0e59ed65-3548-4fc4-8252-207986ab7d79",
        "FileName": "quiz-page.jpg",
        "DownloadUri": "./911315/0e59ed65-3548-4fc4-8252-207986ab7d79"
      },
      {
        "Id": "8fa39efd-d957-4724-873f-27eca6debc99",
        "FileName": "quiz-questions-page.JPG",
        "DownloadUri": "./911315/8fa39efd-d957-4724-873f-27eca6debc99"
      },
      {
        "Id": "38579f07-ecfb-4e90-8d70-d13177382d82",
        "FileName": "quiz-responses-page.JPG",
        "DownloadUri": "./911315/38579f07-ecfb-4e90-8d70-d13177382d82"
      },
      {
        "Id": "3eeb00f9-0168-46d7-a707-7bf3cb1f61a7",
        "FileName": "view-available-quiz-page.JPG",
        "DownloadUri": "./911315/3eeb00f9-0168-46d7-a707-7bf3cb1f61a7"
      },
      {
        "Id": "a338a70e-3164-45d6-bf64-b644c4d85620",
        "FileName": "relationship-diagram.JPG",
        "DownloadUri": "./911315/a338a70e-3164-45d6-bf64-b644c4d85620"
      }
    ]
  },
  {
    "Title": "Documentation",
    "Id": "909446",
    "ParentWikiTitle": "Documentation",
    "FileExtension": "html",
    "UpdatedDate": "2014-08-27T03:50:36.887-07:00",
    "FileAttachments": [
      {
        "Id": "765cf649-cb9a-429b-a71e-18ef1ea4d66e",
        "FileName": "relationship-diagram.JPG",
        "DownloadUri": "./909446/765cf649-cb9a-429b-a71e-18ef1ea4d66e"
      }
    ]
  }
]
